0,0,8.3124965E-11,0
0.05,3.3,0.32999998,2.0781241E-12
0.1,3.3,0.33246857,0.00825
0.15,3.3,0.33497226,0.016493142
0.2,3.3,0.33751178,0.02472933
0.25,3.3,0.3400879,0.032958463
0.3,3.3,0.34270132,0.04118044
0.35000002,3.3,0.34535286,0.04939516
0.40000004,3.3,0.34804335,0.05760251
0.45000005,3.3,0.35077354,0.06580239
0.50000006,3.3,0.35354435,0.07399468
0.5500001,3.3,0.35635662,0.08217928
0.6000001,3.3,0.35921124,0.09035607
0.6500001,3.3,0.3621091,0.09852493
0.7000001,3.3,0.36505118,0.106685735
0.7500001,3.3,0.36803845,0.11483837
0.80000013,3.3,0.37107185,0.12298271
0.85000014,3.3,0.37415254,0.13111863
0.90000015,3.3,0.37728143,0.13924599
0.95000017,3.3,0.38045967,0.14736465
1.0000001,3.3,0.38368836,0.15547448
1.0500001,3.3,0.3869687,0.16357535
1.1,3.3,0.39030176,0.1716671
1.15,3.3,0.39368886,0.1797496
1.1999999,3.3,0.3971312,0.18782268
1.2499999,3.3,0.40063012,0.19588621
1.2999998,3.3,0.4041869,0.20394002
1.3499998,3.3,0.4078029,0.21198395
1.3999997,3.3,0.41147956,0.22001784
1.4499997,3.3,0.4152183,0.2280415
1.4999996,3.3,0.41902065,0.23605478
1.5499996,3.3,0.4228881,0.2440575
1.5999995,3.3,0.42682227,0.25204948
1.6499995,3.3,0.43082485,0.26003054
1.6999995,3.3,0.43489745,0.26800048
1.7499994,3.3,0.43904182,0.2759591
1.7999994,3.3,0.44325978,0.28390622
1.8499993,3.3,0.44755316,0.2918416
1.8999993,3.3,0.45192388,0.29976505
1.9499992,3.3,0.45637393,0.30767637
1.9999992,3.3,0.4609053,0.31557533
2.0499992,3.3,0.46552017,0.3234617
2.0999992,3.3,0.4702206,0.33133528
2.1499991,3.3,0.4750089,0.3391958
2.199999,3.3,0.4798874,0.34704298
2.249999,3.3,0.48485842,0.35487664
2.299999,3.3,0.48992446,0.36269647
2.349999,3.3,0.49508813,0.37050223
2.399999,3.3,0.50035197,0.37829366
2.4499989,3.3,0.50571877,0.38607046
2.4999988,3.3,0.5111913,0.39383236
2.5499988,3.3,0.5167725,0.40157905
2.5999987,3.3,0.5224654,0.40931025
2.6499987,3.3,0.52827305,0.41702563
2.6999986,3.3,0.53419876,0.42472488
2.7499986,3.3,0.5402458,0.43240765
2.7999985,3.3,0.5464176,0.44007364
2.8499985,3.3,0.55271775,0.4477225
2.8999984,3.3,0.55915,0.45535383
2.9499984,3.3,0.56571805,0.4629673
2.9999983,3.3,0.572426,0.47056255
3.0499983,3.3,0.5792779,0.47813913
3.0999982,3.3,0.5862779,0.4856967
3.1499982,3.3,0.5934305,0.4932348
3.1999981,3.3,0.60074025,0.50075305
3.249998,3.3,0.6082119,0.508251
3.299998,3.3,0.6158501,0.5157282
3.349998,3.3,0.6236602,0.5231841
3.399998,3.3,0.6316472,0.53061837
3.449998,3.3,0.6398169,0.53803045
3.4999979,3.3,0.6481745,0.5454199
3.5499978,3.3,0.6567261,0.55278605
3.5999978,3.3,0.66547763,0.56012845
3.6499977,3.3,0.67443556,0.5674466
3.6999977,3.3,0.6836061,0.5747398
3.7499976,3.3,0.692996,0.5820076
3.7999976,3.3,0.70261246,0.58924925
3.8499975,3.3,0.7124626,0.5964642
3.8999975,3.3,0.72255385,0.6036518
3.9499974,3.3,0.732894,0.6108114
3.9999974,3.3,0.7434912,0.6179423
4.0499973,3.3,0.7543535,0.6250437
4.0999975,3.3,0.76548976,0.63211495
4.1499977,3.3,0.7769089,0.63915527
4.199998,3.3,0.78861994,0.6461639
4.249998,3.3,0.80063266,0.65313995
4.2999983,3.3,0.8129568,0.66008264
4.3499985,3.3,0.8256027,0.6669911
4.3999987,3.3,0.8385807,0.6738644
4.449999,3.3,0.851902,0.6807017
4.499999,3.3,0.86557776,0.68750197
4.549999,3.3,0.8796196,0.69426423
4.5999994,3.3,0.8940394,0.7009875
4.6499996,3.3,0.9088497,0.70767075
4.7,3.3,0.9240632,0.71431285
4.75,3.3,0.9396929,0.7209127
4.8,3.3,0.955752,0.7274691
4.8500004,3.3,0.9722549,0.7339809
4.9000006,3.3,0.98921514,0.74044687
4.950001,3.3,1.0066473,0.7468657
5.000001,3.3,1.0245664,0.7532361
5.050001,3.3,1.0429871,0.7595568
5.1000013,3.3,1.061925,0.7658262
5.1500015,3.3,1.0813957,0.7720431
5.2000017,3.3,1.1014146,0.7782059
5.250002,3.3,1.1219978,0.7843131
5.300002,3.3,1.1431612,0.7903631
5.3500023,3.3,1.1649204,0.7963543
5.4000025,3.3,1.187292,0.8022851
5.4500027,3.3,1.210291,0.8081537
5.500003,3.3,1.2339333,0.8139584
5.550003,3.3,1.2582345,0.8196975
5.6000032,3.3,1.2832085,0.82536906
5.6500034,3.3,1.30887,0.83097124
5.7000036,3.3,1.3352319,0.83650213
5.750004,3.3,1.3623071,0.84195983
5.800004,3.3,1.3901063,0.8473423
5.850004,3.3,1.4186398,0.85264754
5.9000044,3.3,1.4479158,0.85787356
5.9500046,3.3,1.4779409,0.8630182
6.000005,3.3,1.50872,0.8680795
6.050005,3.3,1.5402551,0.8730553
6.100005,3.3,1.5725452,0.87794346
6.1500053,3.3,1.6055874,0.8827419
6.2000055,3.3,1.6393749,0.8874486
6.2500057,3.3,1.6738974,0.8920615
6.300006,3.3,1.7091416,0.89657843
6.350006,3.3,1.7450875,0.90099746
6.4000063,3.3,1.7817131,0.90531665
6.4500065,3.3,1.8189908,0.9095341
6.5000067,3.3,1.8568866,0.913648
6.550007,3.3,1.8953645,0.91765666
6.600007,3.3,1.9343792,0.92155844
6.6500072,3.3,1.9738812,0.92535186
6.7000074,3.3,2.0138154,0.92903554
6.7500076,3.3,2.0541224,0.9326083
6.800008,3.3,2.0947347,0.9360691
6.850008,3.3,2.1355808,0.939417
6.900008,3.3,2.1765854,0.9426515
6.9500084,3.3,2.2176652,0.9457721
7.0000086,3.3,2.258738,0.94877857
7.050009,3.3,2.2997136,0.95167094
7.100009,3.3,2.3405018,0.95444953
7.150009,3.3,2.3810103,0.9571148
7.2000093,3.3,2.4211435,0.95966756
7.2500095,3.3,2.4608123,0.96210885
7.3000097,3.3,2.499923,0.9644399
7.35001,3.3,2.5383847,0.96666235
7.40001,3.3,2.5761158,0.96877795
7.4500103,3.3,2.6130307,0.9707887
7.5000105,3.3,2.6490543,0.97269696
7.5500107,3.3,2.6841183,0.9745051
7.600011,3.3,2.718159,0.9762159
7.650011,3.3,2.751122,0.97783214
7.7000113,3.3,2.7829592,0.9793568
7.7500114,3.3,2.81363,0.98079306
7.8000116,3.3,2.8431053,0.9821441
7.850012,3.3,2.8713615,0.9834133
7.900012,3.3,2.8983874,0.98460394
7.950012,3.3,2.9241738,0.98571956
8.000012,3.3,2.9487238,0.98676354
8.050013,3.3,2.9720469,0.9877393
8.100013,3.3,2.9941556,0.9886503
8.150013,3.3,3.0150712,0.98949987
8.200013,3.3,3.0348244,0.99029136
8.250013,3.3,3.0534391,0.99102795
8.300014,3.3,3.0709558,0.99171287
8.350014,3.3,3.0874069,0.9923491
8.400014,3.3,3.1028354,0.99293965
8.450014,3.3,3.117284,0.99348736
8.500014,3.3,3.130794,0.9939949
8.5500145,3.3,3.1434104,0.99446493
8.600015,3.3,3.1551762,0.9948999
8.650015,3.3,3.166135,0.9953022
8.700015,3.3,3.1763334,0.9956741
8.750015,3.3,3.1858141,0.9960176
8.800015,3.3,3.1946173,0.99633473
8.850016,3.3,3.2027872,0.99662745
8.900016,3.3,3.2103584,0.9968975
8.950016,3.3,3.217373,0.99714655
9.000016,3.3,3.2238686,0.9973761
9.050016,3.3,3.229872,0.99758756
9.100017,3.3,3.2354257,0.99778235
9.150017,3.3,3.2405524,0.9979617
9.200017,3.3,3.2452874,0.9981268
9.250017,3.3,3.249661,0.9982788
9.300017,3.3,3.2536914,0.9984186
9.350018,3.3,3.2574098,0.99854726
9.400018,3.3,3.2608385,0.9986656
9.450018,3.3,3.2639945,0.99877435
9.500018,3.3,3.2669034,0.99887437
9.550018,3.3,3.2695827,0.9989663
9.6000185,3.3,3.2720468,0.9990508
9.650019,3.3,3.2743163,0.99912846
9.700019,3.3,3.2764027,0.9991998
9.750019,3.3,3.2783244,0.9992654
9.800019,3.3,3.2800894,0.9993256
9.850019,3.3,3.2817132,0.9993809
9.90002,3.3,3.283208,0.99943167
9.95002,3.3,3.284579,0.99947834
10.00002,3.3,3.285839,0.9995212
10.05002,3.3,3.2870002,0.99956053
10.10002,3.3,3.2880652,0.99959666
10.150021,3.3,3.2890403,0.9996298
10.200021,3.3,3.289941,0.99966025
10.250021,3.3,3.290767,0.9996882
10.300021,3.3,3.2915213,0.99971384
10.350021,3.3,3.2922199,0.9997374
10.400022,3.3,3.2928588,0.999759
10.450022,3.3,3.2934449,0.99977887
10.500022,3.3,3.2939842,0.99979705
10.550022,3.3,3.2944765,0.99981374
10.600022,3.3,3.2949314,0.99982905
10.6500225,3.3,3.295349,0.9998431
10.700023,3.3,3.2957318,0.99985605
10.750023,3.3,3.2960832,0.9998679
10.800023,3.3,3.2964036,0.9998788
10.850023,3.3,3.296702,0.99988884
10.900023,3.3,3.2969751,0.999898
10.950024,3.3,3.2972233,0.9999064
11.000024,3.3,3.2974496,0.9999141
11.050024,3.3,3.29766,0.9999212
11.100024,3.3,3.297855,0.9999277
11.150024,3.3,3.298031,0.99993366
11.200025,3.3,3.2981944,0.99993914
11.250025,3.3,3.2983422,0.99994415
11.300025,3.3,3.2984774,0.99994874
11.350025,3.3,3.2986033,0.999953
11.400025,3.3,3.2987196,0.99995685
11.450026,3.3,3.2988234,0.9999604
11.500026,3.3,3.2989209,0.9999637
11.550026,3.3,3.299012,0.9999667
11.600026,3.3,3.2990906,0.9999694
11.650026,3.3,3.2991662,0.9999719
11.7000265,3.3,3.2992353,0.99997425
11.750027,3.3,3.2992983,0.9999764
11.800027,3.3,3.2993581,0.99997836
11.850027,3.3,3.2994115,0.99998015
11.900027,3.3,3.2994587,0.99998176
11.950027,3.3,3.2995028,0.99998325
12.000028,3.3,3.2995436,0.9999846
12.050028,3.3,3.2995815,0.9999859
12.100028,3.3,3.299616,0.99998707
12.150028,3.3,3.2996476,0.99998814
12.200028,3.3,3.299676,0.9999891
12.250029,3.3,3.299704,0.99999
12.300029,3.3,3.2997262,0.9999908
12.350029,3.3,3.2997513,0.9999916
12.400029,3.3,3.29977,0.9999923
12.450029,3.3,3.2997923,0.99999297
12.50003,3.3,3.299808,0.99999356
12.55003,3.3,3.2998238,0.9999941
12.60003,3.3,3.2998395,0.9999946
12.65003,3.3,3.2998521,0.99999505
12.70003,3.3,3.2998645,0.99999547
12.7500305,3.3,3.2998772,0.9999958
12.800031,3.3,3.2998867,0.9999962
12.850031,3.3,3.299896,0.9999965
12.900031,3.3,3.2999055,0.9999968
12.950031,3.3,3.2999117,0.999997
13.000031,3.3,3.2999182,0.99999726
13.050032,3.3,3.2999244,0.9999975
13.100032,3.3,3.2999308,0.9999977
13.150032,3.3,3.299937,0.99999785
13.200032,3.3,3.29994,0.99999803
13.250032,3.3,3.2999465,0.9999982
13.300033,3.3,3.2999496,0.99999833
13.350033,3.3,3.2999527,0.99999845
13.400033,3.3,3.2999558,0.99999857
13.450033,3.3,3.2999623,0.9999987
13.500033,3.3,3.2999654,0.9999988
13.550034,3.3,3.2999685,0.9999989
13.600034,3.3,3.2999685,0.999999
13.650034,3.3,3.2999716,0.99999905
13.700034,3.3,3.2999747,0.9999991
13.750034,3.3,3.2999747,0.99999917
13.8000345,3.3,3.299978,0.9999992
13.850035,3.3,3.299978,0.9999993
13.900035,3.3,3.299981,0.99999934
13.950035,3.3,3.299981,0.9999994
14.000035,3.3,3.2999842,0.99999946
14.050035,3.3,3.2999873,0.9999995
14.100036,3.3,3.2999873,0.9999996
14.150036,3.3,3.2999904,0.99999964
14.200036,3.3,3.2999904,0.99999964
14.250036,3.3,3.2999904,0.99999964
14.300036,3.3,3.2999904,0.99999964
14.350037,3.3,3.2999904,0.99999964
14.400037,3.3,3.2999904,0.99999964
14.450037,3.3,3.2999904,0.99999964
14.500037,3.3,3.2999904,0.99999964
14.550037,3.3,3.2999904,0.99999964
14.600038,3.3,3.2999904,0.99999964
14.650038,3.3,3.2999904,0.99999964
14.700038,3.3,3.2999904,0.99999964
14.750038,3.3,3.2999904,0.99999964
14.800038,3.3,3.2999904,0.99999964
14.850039,3.3,3.2999904,0.99999964
14.900039,3.3,3.2999904,0.99999964
14.950039,3.3,3.2999904,0.99999964
15.000039,-3.3,-3.2999904,0.99999964
15.050039,-3.3,-1.8938293,0.9174999
15.1000395,-3.3,-1.5467845,0.8740602
15.15004,-3.3,-1.3537604,0.8402606
15.20004,-3.3,-1.2251288,0.81182283
15.25004,-3.3,-1.1311532,0.78695816
15.30004,-3.3,-1.0584846,0.7647039
15.35004,-3.3,-1.000065,0.7444683
15.400041,-3.3,-0.95174867,0.72585535
15.450041,-3.3,-0.910913,0.70858455
15.500041,-3.3,-0.87580377,0.6924481
15.550041,-3.3,-0.84519637,0.67728686
15.600041,-3.3,-0.8182053,0.66297585
15.650042,-3.3,-0.79417247,0.6494146
15.700042,-3.3,-0.77259636,0.6365209
15.750042,-3.3,-0.7530875,0.62422657
15.800042,-3.3,-0.73533785,0.61247414
15.850042,-3.3,-0.7191004,0.60121477
15.900043,-3.3,-0.7041739,0.5904064
15.950043,-3.3,-0.69039303,0.5800127
16.000042,-3.3,-0.6776203,0.5700018
16.050041,-3.3,-0.66574013,0.56034565
16.10004,-3.3,-0.65465486,0.55101955
16.15004,-3.3,-0.6442811,0.54200137
16.200039,-3.3,-0.63454723,0.5332713
16.250038,-3.3,-0.6253915,0.5248117
16.300037,-3.3,-0.6167599,0.5166064
16.350037,-3.3,-0.6086054,0.5086408
16.400036,-3.3,-0.60088664,0.50090176
16.450035,-3.3,-0.59356725,0.49337712
16.500034,-3.3,-0.5866147,0.48605582
16.550034,-3.3,-0.5800004,0.47892764
16.600033,-3.3,-0.5736984,0.4719832
16.650032,-3.3,-0.5676857,0.4652138
16.700031,-3.3,-0.5619415,0.45861143
16.75003,-3.3,-0.55644715,0.4521686
16.80003,-3.3,-0.55118555,0.44587842
16.850029,-3.3,-0.54614145,0.43973437
16.900028,-3.3,-0.5413008,0.43373045
16.950027,-3.3,-0.5366507,0.42786098
17.000027,-3.3,-0.5321796,0.4221207
17.050026,-3.3,-0.5278768,0.4165046
17.100025,-3.3,-0.52373236,0.411008
17.150024,-3.3,-0.5197373,0.40562654
17.200024,-3.3,-0.5158833,0.40035605
17.250023,-3.3,-0.51216257,0.39519262
17.300022,-3.3,-0.50856805,0.39013255
17.350021,-3.3,-0.5050931,0.38517234
17.40002,-3.3,-0.5017316,0.38030863
17.45002,-3.3,-0.49847773,0.37553832
17.50002,-3.3,-0.49532634,0.37085837
17.550018,-3.3,-0.49227235,0.36626598
17.600018,-3.3,-0.48931122,0.3617584
17.650017,-3.3,-0.4864385,0.3573331
17.700016,-3.3,-0.4836503,0.3529876
17.750015,-3.3,-0.4809427,0.34871954
17.800014,-3.3,-0.4783122,0.34452668
17.850014,-3.3,-0.47575536,0.3404069
17.900013,-3.3,-0.4732691,0.33635813
17.950012,-3.3,-0.4708505,0.33237845
18.000011,-3.3,-0.46849668,0.32846594
18.05001,-3.3,-0.46620503,0.32461882
18.10001,-3.3,-0.46397305,0.32083535
18.15001,-3.3,-0.4617984,0.31711388
18.200008,-3.3,-0.45967886,0.3134528
18.250008,-3.3,-0.4576123,0.30985063
18.300007,-3.3,-0.45559677,0.30630586
18.350006,-3.3,-0.45363027,0.30281705
18.400005,-3.3,-0.4517111,0.29938287
18.450005,-3.3,-0.4498375,0.296002
18.500004,-3.3,-0.44800788,0.29267317
18.550003,-3.3,-0.4462207,0.28939518
18.600002,-3.3,-0.44447446,0.28616682
18.650002,-3.3,-0.44276774,0.28298697
18.7,-3.3,-0.4410993,0.27985454
18.75,-3.3,-0.43946773,0.27676845
18.8,-3.3,-0.43787187,0.2737277
18.849998,-3.3,-0.43631062,0.27073124
18.899998,-3.3,-0.4347828,0.26777816
18.949997,-3.3,-0.43328738,0.2648675
18.999996,-3.3,-0.4318233,0.26199841
19.049995,-3.3,-0.43038967,0.25917
19.099995,-3.3,-0.4289855,0.2563814
19.149994,-3.3,-0.42760992,0.2536318
19.199993,-3.3,-0.42626205,0.25092041
19.249992,-3.3,-0.4249411,0.24824646
19.299992,-3.3,-0.42364627,0.24560921
19.34999,-3.3,-0.4223768,0.24300793
19.39999,-3.3,-0.421132,0.2404419
19.44999,-3.3,-0.41991112,0.23791046
19.499989,-3.3,-0.4187135,0.23541294
19.549988,-3.3,-0.41753855,0.23294868
19.599987,-3.3,-0.4163856,0.23051704
19.649986,-3.3,-0.415254,0.22811745
19.699986,-3.3,-0.4141433,0.22574928
19.749985,-3.3,-0.41305286,0.22341198
19.799984,-3.3,-0.41198215,0.22110495
19.849983,-3.3,-0.4109307,0.21882766
19.899982,-3.3,-0.40989795,0.21657959
19.949982,-3.3,-0.40888354,0.21436019
19.99998,-3.3,-0.40788686,0.21216898
20.04998,-3.3,-0.4069075,0.21000545
20.09998,-3.3,-0.4059451,0.20786913
20.149979,-3.3,-0.40499923,0.20575954
20.199978,-3.3,-0.4040694,0.20367622
20.249977,-3.3,-0.4031553,0.20161875
20.299976,-3.3,-0.40225652,0.19958666
20.349976,-3.3,-0.4013727,0.19757953
20.399975,-3.3,-0.40050352,0.19559696
20.449974,-3.3,-0.3996486,0.19363853
20.499973,-3.3,-0.39880764,0.19170386
20.549973,-3.3,-0.3979803,0.18979253
20.599972,-3.3,-0.39716625,0.18790418
20.649971,-3.3,-0.39636526,0.18603845
20.69997,-3.3,-0.39557695,0.18419497
20.74997,-3.3,-0.39480108,0.18237339
20.799969,-3.3,-0.3940374,0.18057336
20.849968,-3.3,-0.39328557,0.17879455
20.899967,-3.3,-0.3925454,0.17703661
20.949966,-3.3,-0.39181662,0.17529924
20.999966,-3.3,-0.391099,0.1735821
21.049965,-3.3,-0.3903923,0.17188491
21.099964,-3.3,-0.38969624,0.17020735
21.149963,-3.3,-0.38901067,0.16854912
21.199963,-3.3,-0.38833532,0.16690993
21.249962,-3.3,-0.38767,0.1652895
21.299961,-3.3,-0.38701454,0.16368756
21.34996,-3.3,-0.38636866,0.16210382
21.39996,-3.3,-0.38573223,0.16053802
21.449959,-3.3,-0.385105,0.1589899
21.499958,-3.3,-0.3844869,0.15745921
21.549957,-3.3,-0.38387764,0.15594569
21.599957,-3.3,-0.3832771,0.15444909
21.649956,-3.3,-0.3826851,0.15296917
21.699955,-3.3,-0.38210148,0.1515057
21.749954,-3.3,-0.38152608,0.15005843
21.799953,-3.3,-0.38095874,0.14862715
21.849953,-3.3,-0.38039926,0.14721163
21.899952,-3.3,-0.37984756,0.14581165
21.949951,-3.3,-0.3793035,0.14442699
21.99995,-3.3,-0.3787669,0.14305745
22.04995,-3.3,-0.3782376,0.14170282
22.099949,-3.3,-0.3777155,0.14036289
22.149948,-3.3,-0.37720048,0.13903746
22.199947,-3.3,-0.3766924,0.13772634
22.249947,-3.3,-0.37619117,0.13642932
22.299946,-3.3,-0.37569657,0.13514623
22.349945,-3.3,-0.3752086,0.13387688
22.399944,-3.3,-0.37472704,0.13262108
22.449944,-3.3,-0.37425184,0.13137867
22.499943,-3.3,-0.37378284,0.13014945
22.549942,-3.3,-0.37332004,0.12893327
22.599941,-3.3,-0.3728632,0.12772994
22.64994,-3.3,-0.3724123,0.12653929
22.69994,-3.3,-0.3719672,0.12536117
22.749939,-3.3,-0.37152785,0.12419542
22.799938,-3.3,-0.3710941,0.12304187
22.849937,-3.3,-0.37066585,0.121900365
22.899937,-3.3,-0.37024307,0.12077076
22.949936,-3.3,-0.36982563,0.1196529
22.999935,-3.3,-0.36941344,0.11854663
23.049934,-3.3,-0.3690064,0.11745181
23.099934,-3.3,-0.36860448,0.1163683
23.149933,-3.3,-0.36820754,0.115295954
23.199932,-3.3,-0.36781552,0.114234634
23.249931,-3.3,-0.36742836,0.1131842
23.29993,-3.3,-0.36704594,0.11214452
23.34993,-3.3,-0.36666825,0.11111547
23.39993,-3.3,-0.36629516,0.11009691
23.449928,-3.3,-0.3659266,0.10908871
23.499928,-3.3,-0.36556253,0.10809075
23.549927,-3.3,-0.36520287,0.1071029
23.599926,-3.3,-0.3648475,0.10612504
23.649925,-3.3,-0.3644964,0.105157055
23.699924,-3.3,-0.36414954,0.10419882
23.749924,-3.3,-0.3638068,0.10325022
23.799923,-3.3,-0.36346814,0.10231114
23.849922,-3.3,-0.36313352,0.10138147
23.899921,-3.3,-0.3628028,0.100461096
23.94992,-3.3,-0.36247602,0.099549904
23.99992,-3.3,-0.36215302,0.098647796
24.04992,-3.3,-0.36183387,0.09775466
24.099918,-3.3,-0.36151838,0.096870385
24.149918,-3.3,-0.36120656,0.095994875
24.199917,-3.3,-0.3608984,0.09512802
24.249916,-3.3,-0.36059377,0.09426973
24.299915,-3.3,-0.36029264,0.0934199
24.349915,-3.3,-0.359995,0.09257844
24.399914,-3.3,-0.35970074,0.09174525
24.449913,-3.3,-0.35940987,0.09092023
24.499912,-3.3,-0.35912228,0.09010329
24.549911,-3.3,-0.35883796,0.08929434
24.59991,-3.3,-0.35855687,0.08849328
24.64991,-3.3,-0.35827896,0.08770003
24.69991,-3.3,-0.35800418,0.0869145
24.749908,-3.3,-0.35773247,0.08613661
24.799908,-3.3,-0.3574638,0.085366264
24.849907,-3.3,-0.35719815,0.08460338
24.899906,-3.3,-0.35693544,0.08384787
24.949905,-3.3,-0.35667565,0.08309966
24.999905,-3.3,-0.35641876,0.08235867
25.049904,-3.3,-0.35616466,0.08162482
25.099903,-3.3,-0.35591343,0.080898024
25.149902,-3.3,-0.3556649,0.08017821
25.199902,-3.3,-0.35541916,0.07946529
25.2499,-3.3,-0.35517603,0.07875921
25.2999,-3.3,-0.3549356,0.078059874
25.3499,-3.3,-0.3546978,0.07736722
25.399899,-3.3,-0.35446253,0.07668117
25.449898,-3.3,-0.35422987,0.07600165
25.499897,-3.3,-0.35399967,0.0753286
25.549896,-3.3,-0.35377198,0.07466195
25.599895,-3.3,-0.35354674,0.07400162
25.649895,-3.3,-0.35332388,0.07334754
25.699894,-3.3,-0.35310343,0.07269965
25.749893,-3.3,-0.35288537,0.07205789
25.799892,-3.3,-0.35266957,0.07142218
25.849892,-3.3,-0.35245612,0.070792474
25.89989,-3.3,-0.3522449,0.0701687
25.94989,-3.3,-0.35203594,0.06955078
25.99989,-3.3,-0.35182917,0.06893867
26.049889,-3.3,-0.3516246,0.06833231
26.099888,-3.3,-0.35142216,0.06773163
26.149887,-3.3,-0.35122183,0.06713656
26.199886,-3.3,-0.35102364,0.066547066
26.249886,-3.3,-0.35082752,0.065963075
26.299885,-3.3,-0.3506334,0.06538453
26.349884,-3.3,-0.35044134,0.06481138
26.399883,-3.3,-0.35025123,0.06424356
26.449883,-3.3,-0.35006315,0.06368103
26.499882,-3.3,-0.34987697,0.06312372
26.549881,-3.3,-0.34969276,0.06257158
26.59988,-3.3,-0.3495104,0.062024556
26.64988,-3.3,-0.34932995,0.0614826
26.699879,-3.3,-0.3491513,0.06094566
26.749878,-3.3,-0.34897456,0.060413677
26.799877,-3.3,-0.3487996,0.059886605
26.849876,-3.3,-0.3486264,0.059364393
26.899876,-3.3,-0.34845498,0.058846995
26.949875,-3.3,-0.3482853,0.058334358
26.999874,-3.3,-0.34811735,0.057826433
27.049873,-3.3,-0.34795108,0.057323173
27.099873,-3.3,-0.34778655,0.05682453
27.149872,-3.3,-0.34762362,0.05633046
27.199871,-3.3,-0.34746236,0.055840917
27.24987,-3.3,-0.3473027,0.05535585
27.29987,-3.3,-0.3471447,0.05487522
27.349869,-3.3,-0.3469882,0.05439898
27.399868,-3.3,-0.34683335,0.053927086
27.449867,-3.3,-0.34668,0.053459495
27.499866,-3.3,-0.3465282,0.052996162
27.549866,-3.3,-0.3463779,0.052537046
27.599865,-3.3,-0.34622908,0.052082103
27.649864,-3.3,-0.3460818,0.051631294
27.699863,-3.3,-0.3459359,0.05118458
27.749863,-3.3,-0.34579152,0.050741915
27.799862,-3.3,-0.34564853,0.05030326
27.849861,-3.3,-0.34550694,0.04986858
27.89986,-3.3,-0.34536678,0.049437832
27.94986,-3.3,-0.345228,0.049010977
27.999859,-3.3,-0.34509054,0.048587978
28.049858,-3.3,-0.34495443,0.048168797
28.099857,-3.3,-0.3448197,0.047753397
28.149857,-3.3,-0.34468624,0.047341738
28.199856,-3.3,-0.3445541,0.046933785
28.249855,-3.3,-0.34442326,0.046529505
28.299854,-3.3,-0.34429368,0.046128858
28.349854,-3.3,-0.34416538,0.045731813
28.399853,-3.3,-0.3440383,0.04533833
28.449852,-3.3,-0.34391248,0.044948377
28.499851,-3.3,-0.34378785,0.04456192
28.54985,-3.3,-0.34366447,0.04417892
28.59985,-3.3,-0.34354225,0.043799352
28.649849,-3.3,-0.34342122,0.04342318
28.699848,-3.3,-0.3433013,0.043050367
28.749847,-3.3,-0.3431826,0.042680886
28.799847,-3.3,-0.34306502,0.0423147
28.849846,-3.3,-0.3429486,0.041951783
28.899845,-3.3,-0.34283322,0.0415921
28.949844,-3.3,-0.342719,0.04123562
28.999844,-3.3,-0.34260586,0.04088231
29.049843,-3.3,-0.3424938,0.04053215
29.099842,-3.3,-0.34238282,0.040185098
29.149841,-3.3,-0.34227288,0.03984113
29.19984,-3.3,-0.342164,0.039500218
29.24984,-3.3,-0.34205613,0.03916233
29.299839,-3.3,-0.3419493,0.038827438
29.349838,-3.3,-0.3418435,0.03849551
29.399837,-3.3,-0.34173867,0.038166523
29.449837,-3.3,-0.34163484,0.03784045
29.499836,-3.3,-0.341532,0.037517257
29.549835,-3.3,-0.34143013,0.037196923
29.599834,-3.3,-0.34132922,0.03687942
29.649834,-3.3,-0.34122926,0.03656472
29.699833,-3.3,-0.34113023,0.036252797
29.749832,-3.3,-0.34103215,0.035943624
29.799831,-3.3,-0.34093496,0.035637174
29.84983,-3.3,-0.3408387,0.035333425
29.89983,-3.3,-0.34074333,0.03503235
29.94983,-3.3,-0.34064886,0.034733925
29.999828,-3.3,-0.34055528,0.034438122
30.049828,-3.3,-0.34046257,0.03414492
30.099827,-3.3,-0.34037068,0.03385429
30.149826,-3.3,-0.34027973,0.033566214
30.199825,-3.3,-0.34018958,0.033280667
30.249825,-3.3,-0.34010026,0.032997623
30.299824,-3.3,-0.34001178,0.03271706
30.349823,-3.3,-0.3399241,0.032438956
30.399822,-3.3,-0.33983725,0.03216329
30.449821,-3.3,-0.3397512,0.03189003
30.49982,-3.3,-0.33966595,0.031619165
30.54982,-3.3,-0.3395815,0.031350665
30.59982,-3.3,-0.3394978,0.031084511
30.649818,-3.3,-0.33941486,0.030820683
30.699818,-3.3,-0.33933273,0.030559158
30.749817,-3.3,-0.33925137,0.030299915
30.799816,-3.3,-0.33917072,0.030042933
30.849815,-3.3,-0.33909082,0.02978819
30.899815,-3.3,-0.33901164,0.029535668
30.949814,-3.3,-0.3389332,0.029285345
30.999813,-3.3,-0.33885545,0.0290372
31.049812,-3.3,-0.33877847,0.028791215
31.099812,-3.3,-0.33870214,0.028547369
31.14981,-3.3,-0.33862653,0.028305642
31.19981,-3.3,-0.3385516,0.028066017
31.24981,-3.3,-0.33847737,0.027828472
31.299809,-3.3,-0.33840382,0.027592989
31.349808,-3.3,-0.33833092,0.027359549
31.399807,-3.3,-0.33825868,0.027128134
31.449806,-3.3,-0.3381871,0.026898725
31.499805,-3.3,-0.3381162,0.026671305
31.549805,-3.3,-0.3380459,0.026445854
31.599804,-3.3,-0.33797628,0.026222358
31.649803,-3.3,-0.33790725,0.026000794
31.699802,-3.3,-0.33783886,0.025781147
31.749802,-3.3,-0.33777112,0.0255634
31.7998,-3.3,-0.33770394,0.025347536
31.8498,-3.3,-0.33763742,0.025133537
31.8998,-3.3,-0.33757147,0.024921387
31.949799,-3.3,-0.33750612,0.024711069
31.999798,-3.3,-0.33744135,0.024502566
32.049797,-3.3,-0.3373772,0.02429586
32.099796,-3.3,-0.3373136,0.024090938
32.149796,-3.3,-0.33725053,0.023887783
32.199795,-3.3,-0.3371881,0.02368638
32.249794,-3.3,-0.33712617,0.02348671
32.299793,-3.3,-0.33706483,0.02328876
32.349792,-3.3,-0.33700404,0.023092514
32.39979,-3.3,-0.33694378,0.022897957
32.44979,-3.3,-0.33688408,0.022705074
32.49979,-3.3,-0.3368249,0.02251385
32.54979,-3.3,-0.33676624,0.02232427
32.59979,-3.3,-0.3367081,0.022136318
32.649788,-3.3,-0.33665052,0.02194998
32.699787,-3.3,-0.33659345,0.021765243
32.749786,-3.3,-0.33653685,0.021582093
32.799786,-3.3,-0.3364808,0.021400513
32.849785,-3.3,-0.33642522,0.021220492
32.899784,-3.3,-0.3363701,0.021042015
32.949783,-3.3,-0.3363155,0.020865068
32.999783,-3.3,-0.33626142,0.020689636
33.04978,-3.3,-0.3362078,0.020515708
33.09978,-3.3,-0.33615464,0.02034327
33.14978,-3.3,-0.33610195,0.020172307
33.19978,-3.3,-0.33604974,0.020002808
33.24978,-3.3,-0.33599797,0.01983476
33.299778,-3.3,-0.3359467,0.019668149
33.349777,-3.3,-0.33589587,0.019502962
33.399776,-3.3,-0.33584547,0.019339187
33.449776,-3.3,-0.33579552,0.019176813
33.499775,-3.3,-0.33574605,0.019015826
33.549774,-3.3,-0.335697,0.018856214
33.599773,-3.3,-0.33564833,0.018697966
33.649773,-3.3,-0.33560014,0.018541068
33.69977,-3.3,-0.33555236,0.018385509
33.74977,-3.3,-0.335505,0.018231276
33.79977,-3.3,-0.33545807,0.018078359
33.84977,-3.3,-0.33541155,0.017926745
33.89977,-3.3,-0.3353654,0.017776424
33.949768,-3.3,-0.33531973,0.017627385
33.999767,-3.3,-0.3352744,0.017479613
34.049767,-3.3,-0.33522952,0.017333101
34.099766,-3.3,-0.335185,0.017187838
34.149765,-3.3,-0.33514088,0.01704381
34.199764,-3.3,-0.33509713,0.016901009
34.249763,-3.3,-0.33505377,0.016759422
34.299763,-3.3,-0.3350108,0.01661904
34.349762,-3.3,-0.33496818,0.016479852
34.39976,-3.3,-0.33492598,0.016341846
34.44976,-3.3,-0.33488414,0.016205013
34.49976,-3.3,-0.33484262,0.016069343
34.54976,-3.3,-0.3348015,0.015934825
34.59976,-3.3,-0.33476073,0.01580145
34.649757,-3.3,-0.3347203,0.015669208
34.699757,-3.3,-0.33468026,0.015538088
34.749756,-3.3,-0.33464056,0.015408081
34.799755,-3.3,-0.33460116,0.015279177
34.849754,-3.3,-0.33456215,0.015151366
34.899754,-3.3,-0.33452347,0.015024639
34.949753,-3.3,-0.3344851,0.014898987
34.999752,-3.3,-0.33444715,0.014774399
35.04975,-3.3,-0.33440945,0.014650867
35.09975,-3.3,-0.3343721,0.014528383
35.14975,-3.3,-0.33433506,0.014406935
35.19975,-3.3,-0.33429834,0.014286517
35.24975,-3.3,-0.33426198,0.014167118
35.299747,-3.3,-0.3342259,0.01404873
35.349747,-3.3,-0.33419016,0.013931343
35.399746,-3.3,-0.3341547,0.01381495
35.449745,-3.3,-0.33411956,0.013699542
35.499744,-3.3,-0.33408472,0.013585109
35.549744,-3.3,-0.33405018,0.013471644
35.599743,-3.3,-0.33401597,0.01335914
35.649742,-3.3,-0.33398202,0.013247586
35.69974,-3.3,-0.33394834,0.013136975
35.74974,-3.3,-0.333915,0.013027297
35.79974,-3.3,-0.33388194,0.012918547
35.84974,-3.3,-0.33384916,0.0128107155
35.89974,-3.3,-0.33381665,0.012703794
35.949738,-3.3,-0.33378446,0.012597776
35.999737,-3.3,-0.33375248,0.012492652
36.049736,-3.3,-0.33372086,0.012388416
36.099735,-3.3,-0.33368945,0.012285058
36.149734,-3.3,-0.33365834,0.012182574
36.199734,-3.3,-0.33362746,0.012080953
36.249733,-3.3,-0.3335969,0.01198019
36.299732,-3.3,-0.33356655,0.011880276
36.34973,-3.3,-0.3335365,0.0117812045
36.39973,-3.3,-0.3335067,0.011682968
36.44973,-3.3,-0.33347717,0.011585559
36.49973,-3.3,-0.33344787,0.01148897
36.54973,-3.3,-0.33341885,0.011393196
36.599728,-3.3,-0.33339003,0.011298228
36.649727,-3.3,-0.3333615,0.01120406
36.699726,-3.3,-0.33333322,0.011110685
36.749725,-3.3,-0.33330515,0.011018096
36.799725,-3.3,-0.33327731,0.010926286
36.849724,-3.3,-0.33324975,0.010835249
36.899723,-3.3,-0.33322242,0.010744978
36.949722,-3.3,-0.33319533,0.0106554665
36.99972,-3.3,-0.33316845,0.010566708
37.04972,-3.3,-0.33314177,0.010478695
37.09972,-3.3,-0.3331154,0.010391423
37.14972,-3.3,-0.3330892,0.010304884
37.19972,-3.3,-0.33306322,0.010219073
37.249718,-3.3,-0.3330375,0.010133983
37.299717,-3.3,-0.33301198,0.010049608
37.349716,-3.3,-0.33298665,0.009965941
37.399715,-3.3,-0.33296156,0.009882978
37.449715,-3.3,-0.3329367,0.009800712
37.499714,-3.3,-0.33291203,0.009719136
37.549713,-3.3,-0.33288762,0.009638246
37.599712,-3.3,-0.33286336,0.009558035
37.64971,-3.3,-0.3328393,0.009478497
37.69971,-3.3,-0.3328155,0.009399627
37.74971,-3.3,-0.3327919,0.009321419
37.79971,-3.3,-0.33276844,0.009243866
37.84971,-3.3,-0.33274522,0.009166964
37.899708,-3.3,-0.33272222,0.009090708
37.949707,-3.3,-0.3326994,0.009015091
37.999706,-3.3,-0.33267674,0.008940108
38.049706,-3.3,-0.3326543,0.008865754
38.099705,-3.3,-0.33263206,0.008792023
38.149704,-3.3,-0.33260998,0.008718911
38.199703,-3.3,-0.33258814,0.008646411
38.249702,-3.3,-0.3325664,0.008574518
38.2997,-3.3,-0.33254495,0.008503228
38.3497,-3.3,-0.33252358,0.008432535
38.3997,-3.3,-0.33250248,0.008362435
38.4497,-3.3,-0.33248153,0.008292922
38.4997,-3.3,-0.33246073,0.008223991
38.549698,-3.3,-0.3324401,0.008155637
38.599697,-3.3,-0.33241972,0.008087856
38.649696,-3.3,-0.33239943,0.008020641
38.699696,-3.3,-0.33237934,0.00795399
38.749695,-3.3,-0.33235946,0.007887897
38.799694,-3.3,-0.3323397,0.007822357
38.849693,-3.3,-0.33232015,0.0077573652
38.899693,-3.3,-0.3323007,0.0076929173
38.94969,-3.3,-0.33228147,0.007629008
38.99969,-3.3,-0.3322624,0.0075656334
39.04969,-3.3,-0.33224347,0.007502789
39.09969,-3.3,-0.3322247,0.00744047
39.14969,-3.3,-0.3322061,0.0073786722
39.199688,-3.3,-0.33218768,0.007317391
39.249687,-3.3,-0.33216938,0.0072566224
39.299686,-3.3,-0.33215123,0.0071963617
39.349686,-3.3,-0.33213326,0.0071366047
39.399685,-3.3,-0.33211544,0.007077347
39.449684,-3.3,-0.33209777,0.0070185848
39.499683,-3.3,-0.33208025,0.0069603133
39.549683,-3.3,-0.33206284,0.006902529
39.59968,-3.3,-0.33204564,0.006845227
39.64968,-3.3,-0.33202854,0.0067884037
39.69968,-3.3,-0.3320116,0.006732055
39.74968,-3.3,-0.3319948,0.006676177
39.79968,-3.3,-0.33197814,0.0066207657
39.849678,-3.3,-0.33196163,0.0065658167
39.899677,-3.3,-0.33194527,0.006511327
39.949677,-3.3,-0.33192903,0.0064572915
39.999676,-3.3,-0.33191293,0.0064037074
40.049675,-3.3,-0.33189696,0.006350571
40.099674,-3.3,-0.3318811,0.0062978775
40.149673,-3.3,-0.33186543,0.006245624
40.199673,-3.3,-0.33184987,0.006193806
40.249672,-3.3,-0.33183444,0.0061424207
40.29967,-3.3,-0.33181912,0.006091464
40.34967,-3.3,-0.33180395,0.006040932
40.39967,-3.3,-0.3317889,0.005990822
40.44967,-3.3,-0.331774,0.0059411298
40.49967,-3.3,-0.33175918,0.005891852
40.549667,-3.3,-0.33174452,0.005842985
40.599667,-3.3,-0.33172998,0.0057945256
40.649666,-3.3,-0.33171555,0.0057464703
40.699665,-3.3,-0.33170128,0.0056988155
40.749664,-3.3,-0.3316871,0.005651558
40.799664,-3.3,-0.33167306,0.005604694
40.849663,-3.3,-0.33165908,0.005558221
40.899662,-3.3,-0.33164525,0.005512135
40.94966,-3.3,-0.33163157,0.0054664332
40.99966,-3.3,-0.33161795,0.0054211123
41.04966,-3.3,-0.33160448,0.005376169
41.09966,-3.3,-0.3315911,0.0053316
41.14966,-3.3,-0.33157787,0.0052874023
41.199657,-3.3,-0.33156472,0.005243573
41.249657,-3.3,-0.33155167,0.005200108
41.299656,-3.3,-0.33153877,0.0051570055
41.349655,-3.3,-0.33152595,0.005114262
41.399654,-3.3,-0.33151326,0.0050718742
41.449654,-3.3,-0.33150068,0.0050298395
41.499653,-3.3,-0.33148816,0.0049881544
41.549652,-3.3,-0.33147576,0.0049468167
41.59965,-3.3,-0.3314635,0.004905823
41.64965,-3.3,-0.33145133,0.0048651705
41.69965,-3.3,-0.33143923,0.0048248563
41.74965,-3.3,-0.33142725,0.0047848774
41.79965,-3.3,-0.33141539,0.0047452315
41.849648,-3.3,-0.3314036,0.004705915
41.899647,-3.3,-0.33139193,0.0046669263
41.949646,-3.3,-0.33138034,0.004628262
41.999645,-3.3,-0.33136886,0.004589919
42.049644,-3.3,-0.33135748,0.004551895
42.099644,-3.3,-0.33134618,0.0045141876
42.149643,-3.3,-0.33133498,0.0044767936
42.199642,-3.3,-0.33132386,0.0044397106
42.24964,-3.3,-0.33131287,0.004402936
42.29964,-3.3,-0.33130196,0.0043664672
42.34964,-3.3,-0.33129114,0.0043303017
42.39964,-3.3,-0.33128038,0.004294437
42.44964,-3.3,-0.33126974,0.00425887
42.499638,-3.3,-0.3312592,0.004223599
42.549637,-3.3,-0.33124873,0.0041886214
42.599636,-3.3,-0.33123833,0.0041539343
42.649635,-3.3,-0.33122805,0.004119536
42.699635,-3.3,-0.33121786,0.0040854234
42.749634,-3.3,-0.33120772,0.004051594
42.799633,-3.3,-0.33119768,0.004018046
42.849632,-3.3,-0.33118773,0.003984777
42.89963,-3.3,-0.33117786,0.003951784
42.94963,-3.3,-0.3311681,0.0039190655
42.99963,-3.3,-0.33115837,0.0038866187
43.04963,-3.3,-0.33114874,0.0038544415
43.09963,-3.3,-0.3311392,0.0038225316
43.149628,-3.3,-0.33112973,0.0037908868
43.199627,-3.3,-0.33112034,0.003759505
43.249626,-3.3,-0.33111104,0.0037283837
43.299625,-3.3,-0.3311018,0.003697521
43.349625,-3.3,-0.33109266,0.0036669148
43.399624,-3.3,-0.3310836,0.0036365625
43.449623,-3.3,-0.3310746,0.0036064624
43.499622,-3.3,-0.33106568,0.003576612
43.54962,-3.3,-0.33105683,0.0035470098
43.59962,-3.3,-0.33104807,0.0035176533
43.64962,-3.3,-0.33103937,0.0034885404
43.69962,-3.3,-0.33103073,0.0034596694
43.74962,-3.3,-0.33102217,0.003431038
43.799618,-3.3,-0.33101368,0.0034026443
43.849617,-3.3,-0.33100528,0.0033744862
43.899616,-3.3,-0.33099693,0.003346562
43.949615,-3.3,-0.33098865,0.0033188693
43.999615,-3.3,-0.33098045,0.0032914067
44.049614,-3.3,-0.3309723,0.003264172
44.099613,-3.3,-0.33096424,0.0032371632
44.149612,-3.3,-0.33095625,0.0032103786
44.19961,-3.3,-0.3309483,0.003183816
44.24961,-3.3,-0.33094046,0.003157474
44.29961,-3.3,-0.33093262,0.0031313507
44.34961,-3.3,-0.3309249,0.0031054441
44.39961,-3.3,-0.3309172,0.0030797524
44.449608,-3.3,-0.3309096,0.0030542738
44.499607,-3.3,-0.33090207,0.0030290065
44.549606,-3.3,-0.3308946,0.0030039488
44.599606,-3.3,-0.33088717,0.002979099
44.649605,-3.3,-0.3308798,0.0029544553
44.699604,-3.3,-0.3308725,0.002930016
44.749603,-3.3,-0.33086526,0.0029057795
44.799603,-3.3,-0.3308581,0.002881744
44.8496,-3.3,-0.330851,0.0028579077
44.8996,-3.3,-0.33084396,0.002834269
44.9496,-3.3,-0.33083692,0.0028108265
44.9996,-3.3,-0.33082998,0.0027875784
45.0496,-3.3,-0.3308231,0.002764523
45.099598,-3.3,-0.3308163,0.0027416588
45.149597,-3.3,-0.33080953,0.0027189841
45.199596,-3.3,-0.3308028,0.0026964976
45.249596,-3.3,-0.33079615,0.0026741973
45.299595,-3.3,-0.33078954,0.002652082
45.349594,-3.3,-0.330783,0.00263015
45.399593,-3.3,-0.3307765,0.0026083998
45.449593,-3.3,-0.33077008,0.00258683
45.49959,-3.3,-0.3307637,0.0025654389
45.54959,-3.3,-0.33075735,0.002544225
45.59959,-3.3,-0.3307511,0.0025231868
45.64959,-3.3,-0.33074486,0.0025023231
45.69959,-3.3,-0.3307387,0.0024816324
45.749588,-3.3,-0.33073258,0.002461113
45.799587,-3.3,-0.3307265,0.0024407639
45.849586,-3.3,-0.33072045,0.0024205833
45.899586,-3.3,-0.33071452,0.0024005699
45.949585,-3.3,-0.33070856,0.0023807222
45.999584,-3.3,-0.33070272,0.0023610392
46.049583,-3.3,-0.33069688,0.002341519
46.099583,-3.3,-0.33069113,0.0023221609
46.149582,-3.3,-0.33068538,0.0023029628
46.19958,-3.3,-0.3306797,0.002283924
46.24958,-3.3,-0.3306741,0.0022650429
46.29958,-3.3,-0.3306685,0.0022463182
46.34958,-3.3,-0.33066297,0.0022277485
46.39958,-3.3,-0.33065748,0.0022093328
46.449577,-3.3,-0.33065206,0.0021910695
46.499577,-3.3,-0.33064663,0.0021729574
46.549576,-3.3,-0.33064127,0.0021549955
46.599575,-3.3,-0.33063596,0.0021371823
46.649574,-3.3,-0.3306307,0.0021195165
46.699574,-3.3,-0.33062547,0.0021019971
46.749573,-3.3,-0.3306203,0.0020846229
46.799572,-3.3,-0.33061513,0.0020673925
46.84957,-3.3,-0.33061007,0.0020503048
46.89957,-3.3,-0.330605,0.0020333584
46.94957,-3.3,-0.33060002,0.0020165525
46.99957,-3.3,-0.33059502,0.0019998858
47.04957,-3.3,-0.3305901,0.001983357
47.099567,-3.3,-0.33058524,0.001966965
47.149567,-3.3,-0.33058035,0.0019507087
47.199566,-3.3,-0.33057556,0.001934587
47.249565,-3.3,-0.3305708,0.0019185989
47.299564,-3.3,-0.3305661,0.0019027431
47.349564,-3.3,-0.3305614,0.0018870186
47.399563,-3.3,-0.33055675,0.0018714241
47.449562,-3.3,-0.33055213,0.0018559588
47.49956,-3.3,-0.33054757,0.0018406216
47.54956,-3.3,-0.33054304,0.0018254112
47.59956,-3.3,-0.33053854,0.0018103268
47.64956,-3.3,-0.33053407,0.0017953672
47.69956,-3.3,-0.33052966,0.0017805315
47.749557,-3.3,-0.33052528,0.0017658186
47.799557,-3.3,-0.33052093,0.0017512274
47.849556,-3.3,-0.3305166,0.001736757
47.899555,-3.3,-0.33051234,0.0017224064
47.949554,-3.3,-0.33050808,0.0017081745
47.999554,-3.3,-0.33050388,0.0016940603
48.049553,-3.3,-0.33049974,0.001680063
48.099552,-3.3,-0.3304956,0.0016661815
48.14955,-3.3,-0.33049148,0.0016524148
48.19955,-3.3,-0.33048743,0.0016387621
48.24955,-3.3,-0.3304834,0.0016252223
48.29955,-3.3,-0.3304794,0.0016117946
48.34955,-3.3,-0.33047542,0.001598478
48.399548,-3.3,-0.3304715,0.0015852716
48.449547,-3.3,-0.33046758,0.0015721744
48.499546,-3.3,-0.3304637,0.0015591856
48.549545,-3.3,-0.3304599,0.0015463042
48.599545,-3.3,-0.33045608,0.0015335294
48.649544,-3.3,-0.33045232,0.0015208602
48.699543,-3.3,-0.33044857,0.001508296
48.749542,-3.3,-0.33044484,0.0014958356
48.79954,-3.3,-0.33044118,0.0014834784
48.84954,-3.3,-0.3304375,0.0014712233
48.89954,-3.3,-0.33043393,0.0014590697
48.94954,-3.3,-0.33043033,0.0014470165
48.99954,-3.3,-0.33042675,0.0014350631
49.049538,-3.3,-0.33042324,0.0014232085
49.099537,-3.3,-0.33041972,0.001411452
49.149536,-3.3,-0.33041626,0.0013997926
49.199535,-3.3,-0.3304128,0.0013882298
49.249535,-3.3,-0.3304094,0.0013767625
49.299534,-3.3,-0.330406,0.0013653901
49.349533,-3.3,-0.33040264,0.0013541118
49.399532,-3.3,-0.3303993,0.0013429268
49.44953,-3.3,-0.33039603,0.0013318342
49.49953,-3.3,-0.33039275,0.0013208335
49.54953,-3.3,-0.3303895,0.0013099236
49.59953,-3.3,-0.33038628,0.001299104
49.64953,-3.3,-0.3303831,0.0012883738
49.699528,-3.3,-0.3303799,0.0012777324
49.749527,-3.3,-0.3303768,0.001267179
49.799526,-3.3,-0.33037367,0.0012567128
49.849525,-3.3,-0.33037058,0.0012463332
49.899525,-3.3,-0.3303675,0.0012360394
49.949524,-3.3,-0.33036447,0.0012258308
49.999523,-3.3,-0.33036146,0.0012157065
50.049522,-3.3,-0.33035848,0.0012056659
50.09952,-3.3,-0.3303555,0.0011957083
50.14952,-3.3,-0.33035257,0.0011858331
50.19952,-3.3,-0.33034965,0.0011760396
50.24952,-3.3,-0.33034676,0.0011663269
50.29952,-3.3,-0.3303439,0.0011566946
50.349518,-3.3,-0.33034104,0.0011471419
50.399517,-3.3,-0.3303382,0.0011376683
50.449516,-3.3,-0.33033544,0.0011282729
50.499516,-3.3,-0.33033267,0.0011189551
50.549515,-3.3,-0.33032992,0.0011097144
50.599514,-3.3,-0.33032718,0.00110055
50.649513,-3.3,-0.33032447,0.0010914615
50.699512,-3.3,-0.3303218,0.001082448
50.74951,-3.3,-0.33031914,0.0010735091
50.79951,-3.3,-0.33031648,0.0010646441
50.84951,-3.3,-0.33031386,0.0010558524
50.89951,-3.3,-0.3303113,0.0010471334
50.94951,-3.3,-0.3303087,0.0010384864
50.999508,-3.3,-0.33030614,0.0010299109
51.049507,-3.3,-0.33030364,0.0010214063
51.099506,-3.3,-0.33030114,0.0010129719
51.149506,-3.3,-0.33029863,0.0010046072
51.199505,-3.3,-0.33029616,0.0009963117
51.249504,-3.3,-0.33029372,0.0009880847
51.299503,-3.3,-0.3302913,0.0009799257
51.349503,-3.3,-0.33028886,0.00097183423
51.3995,-3.3,-0.3302865,0.0009638096
51.4495,-3.3,-0.33028415,0.0009558513
51.4995,-3.3,-0.33028176,0.00094795873
51.5495,-3.3,-0.33027944,0.0009401314
51.5995,-3.3,-0.33027714,0.00093236874
51.649498,-3.3,-0.33027485,0.00092467025
51.699497,-3.3,-0.3302726,0.0009170354
51.749496,-3.3,-0.33027032,0.0009094636
51.799496,-3.3,-0.33026809,0.0009019544
51.849495,-3.3,-0.33026588,0.0008945073
51.899494,-3.3,-0.33026367,0.00088712166
51.949493,-3.3,-0.3302615,0.00087979704
51.999493,-3.3,-0.33025932,0.00087253295
52.04949,-3.3,-0.33025718,0.0008653289
52.09949,-3.3,-0.3302551,0.00085818436
52.14949,-3.3,-0.33025298,0.00085109886
52.19949,-3.3,-0.3302509,0.0008440719
52.24949,-3.3,-0.3302488,0.000837103
52.299488,-3.3,-0.33024675,0.0008301917
52.349487,-3.3,-0.33024472,0.0008233375
52.399487,-3.3,-0.3302427,0.00081654
52.449486,-3.3,-0.33024067,0.00080979854
52.499485,-3.3,-0.3302387,0.0008031128
52.549484,-3.3,-0.33023673,0.0007964823
52.599483,-3.3,-0.33023474,0.0007899066
52.649483,-3.3,-0.33023283,0.00078338524
52.699482,-3.3,-0.3302309,0.00077691773
52.74948,-3.3,-0.33022898,0.00077050366
52.79948,-3.3,-0.33022708,0.0007641426
52.84948,-3.3,-0.33022523,0.0007578341
52.89948,-3.3,-0.33022338,0.0007515777
52.94948,-3.3,-0.3302215,0.000745373
52.999477,-3.3,-0.3302197,0.00073921954
53.049477,-3.3,-0.3302179,0.00073311693
53.099476,-3.3,-0.33021605,0.00072706473
53.149475,-3.3,-0.3302143,0.00072106253
53.199474,-3.3,-0.33021253,0.0007151099
53.249474,-3.3,-0.33021078,0.00070920645
53.299473,-3.3,-0.33020905,0.00070335175
53.349472,-3.3,-0.3302073,0.0006975454
53.39947,-3.3,-0.3302056,0.00069178705
53.44947,-3.3,-0.3302039,0.00068607624
53.49947,-3.3,-0.3302022,0.00068041263
53.54947,-3.3,-0.33020052,0.00067479577
53.59947,-3.3,-0.33019888,0.0006692253
53.649467,-3.3,-0.33019722,0.00066370086
53.699467,-3.3,-0.3301956,0.00065822207
53.749466,-3.3,-0.33019397,0.0006527885
53.799465,-3.3,-0.3301924,0.0006473998
53.849464,-3.3,-0.33019078,0.00064205565
53.899464,-3.3,-0.33018923,0.0006367556
53.949463,-3.3,-0.33018768,0.00063149934
53.999462,-3.3,-0.3301861,0.0006262865
54.04946,-3.3,-0.33018458,0.0006211167
54.09946,-3.3,-0.33018303,0.0006159896
54.14946,-3.3,-0.33018154,0.0006109049
54.19946,-3.3,-0.33018005,0.0006058621
54.24946,-3.3,-0.33017853,0.00060086104
54.299458,-3.3,-0.3301771,0.0005959013
54.349457,-3.3,-0.3301756,0.00059098244
54.399456,-3.3,-0.33017415,0.00058610423
54.449455,-3.3,-0.33017275,0.0005812663
54.499454,-3.3,-0.3301713,0.00057646836
54.549454,-3.3,-0.33016986,0.00057171
54.599453,-3.3,-0.3301685,0.000566991
54.649452,-3.3,-0.33016708,0.0005623109
54.69945,-3.3,-0.3301657,0.0005576695
54.74945,-3.3,-0.3301643,0.00055306643
54.79945,-3.3,-0.33016297,0.0005485014
54.84945,-3.3,-0.33016166,0.000543974
54.89945,-3.3,-0.3301603,0.000539484
54.949448,-3.3,-0.33015898,0.00053503114
54.999447,-3.3,-0.33015767,0.000530615
55.049446,-3.3,-0.33015636,0.0005262353
55.099445,-3.3,-0.33015507,0.0005218918
55.149445,-3.3,-0.3301538,0.00051758415
55.199444,-3.3,-0.3301525,0.0005133121
55.249443,-3.3,-0.33015126,0.00050907535
55.299442,-3.3,-0.33015004,0.0005048736
55.34944,-3.3,-0.33014876,0.0005007065
55.39944,-3.3,-0.33014753,0.0004965738
55.44944,-3.3,-0.33014634,0.0004924752
55.49944,-3.3,-0.33014512,0.00048841053
55.54944,-3.3,-0.3301439,0.00048437936
55.599438,-3.3,-0.3301427,0.00048038148
55.649437,-3.3,-0.33014154,0.0004764166
55.699436,-3.3,-0.33014038,0.00047248448
55.749435,-3.3,-0.33013922,0.00046858483
55.799435,-3.3,-0.3301381,0.00046471736
55.849434,-3.3,-0.33013692,0.00046088183
55.899433,-3.3,-0.33013582,0.000457078
55.949432,-3.3,-0.3301347,0.00045330555
55.99943,-3.3,-0.3301336,0.00044956425
56.04943,-3.3,-0.33013248,0.00044585383
56.09943,-3.3,-0.33013138,0.00044217406
56.14943,-3.3,-0.33013028,0.00043852467
56.19943,-3.3,-0.3301292,0.0004349054
56.249428,-3.3,-0.33012813,0.00043131603
56.299427,-3.3,-0.3301271,0.00042775628
56.349426,-3.3,-0.33012602,0.00042422593
56.399426,-3.3,-0.33012497,0.00042072474
56.449425,-3.3,-0.33012396,0.00041725245
56.499424,-3.3,-0.33012295,0.00041380883
56.549423,-3.3,-0.33012193,0.00041039364
56.599422,-3.3,-0.33012092,0.00040700665
56.64942,-3.3,-0.3301199,0.0004036476
56.69942,-3.3,-0.33011892,0.0004003163
56.74942,-3.3,-0.33011797,0.00039701248
56.79942,-3.3,-0.330117,0.00039373594
56.84942,-3.3,-0.330116,0.00039048647
56.899418,-3.3,-0.33011505,0.00038726383
56.949417,-3.3,-0.33011413,0.0003840678
56.999416,-3.3,-0.33011317,0.00038089813
57.049416,-3.3,-0.33011222,0.00037775465
57.099415,-3.3,-0.33011132,0.0003746371
57.149414,-3.3,-0.33011037,0.00037154532
57.199413,-3.3,-0.33010945,0.00036847906
57.249413,-3.3,-0.33010858,0.00036543809
57.29941,-3.3,-0.33010766,0.00036242223
57.34941,-3.3,-0.3301068,0.00035943126
57.39941,-3.3,-0.3301059,0.000356465
57.44941,-3.3,-0.330105,0.0003535232
57.49941,-3.3,-0.33010417,0.00035060573
57.549408,-3.3,-0.33010328,0.0003477123
57.599407,-3.3,-0.33010244,0.0003448428
57.649406,-3.3,-0.33010158,0.00034199696
57.699406,-3.3,-0.33010077,0.0003391746
57.749405,-3.3,-0.3300999,0.00033637558
57.799404,-3.3,-0.3300991,0.00033359963
57.849403,-3.3,-0.33009827,0.0003308466
57.899403,-3.3,-0.33009747,0.00032811632
57.9494,-3.3,-0.33009666,0.00032540856
57.9994,-3.3,-0.3300959,0.00032272315
58.0494,-3.3,-0.33009505,0.00032005992
58.0994,-3.3,-0.3300943,0.00031741866
58.1494,-3.3,-0.33009353,0.0003147992
58.199398,-3.3,-0.33009273,0.00031220136
58.249397,-3.3,-0.33009198,0.00030962497
58.299397,-3.3,-0.33009124,0.00030706986
58.349396,-3.3,-0.33009046,0.00030453585
58.399395,-3.3,-0.33008972,0.00030202273
58.449394,-3.3,-0.330089,0.00029953037
58.499393,-3.3,-0.33008823,0.00029705858
58.549393,-3.3,-0.3300875,0.0002946072
58.599392,-3.3,-0.3300868,0.00029217603
58.64939,-3.3,-0.33008608,0.00028976495
58.69939,-3.3,-0.33008537,0.00028737378
58.74939,-3.3,-0.33008468,0.00028500234
58.79939,-3.3,-0.33008394,0.00028265046
58.84939,-3.3,-0.33008325,0.000280318
58.899387,-3.3,-0.3300826,0.0002780048
58.949387,-3.3,-0.3300819,0.00027571068
58.999386,-3.3,-0.33008122,0.0002734355
59.049385,-3.3,-0.33008054,0.0002711791
59.099384,-3.3,-0.33007988,0.00026894134
59.149384,-3.3,-0.33007923,0.00026672203
59.199383,-3.3,-0.33007857,0.00026452105
59.249382,-3.3,-0.33007795,0.00026233823
59.29938,-3.3,-0.33007726,0.00026017343
59.34938,-3.3,-0.33007663,0.0002580265
59.39938,-3.3,-0.330076,0.0002558973
59.44938,-3.3,-0.33007538,0.00025378566
59.49938,-3.3,-0.33007476,0.00025169144
59.549377,-3.3,-0.33007416,0.0002496145
59.599377,-3.3,-0.33007354,0.0002475547
59.649376,-3.3,-0.33007294,0.00024551194
59.699375,-3.3,-0.33007234,0.00024348602
59.749374,-3.3,-0.33007175,0.00024147682
59.799374,-3.3,-0.33007112,0.0002394842
59.849373,-3.3,-0.33007053,0.00023750804
59.899372,-3.3,-0.33006996,0.00023554817
59.94937,-3.3,-0.3300694,0.00023360449
59.99937,-3.3,-0.3300688,0.00023167684
